-- Тестовые данные двух арендаторов. Выполняется ролью putzplan_migration.
\set ON_ERROR_STOP on
SELECT tst.suite('seed');

DELETE FROM audit_chain_state;
TRUNCATE audit_logs, domain_events, notifications, login_attempts;

INSERT INTO companies (id,name) VALUES
  ('11111111-1111-1111-1111-111111111111','Tenant A GmbH'),
  ('22222222-2222-2222-2222-222222222222','Tenant B GmbH')
ON CONFLICT (id) DO NOTHING;

INSERT INTO branches (id,company_id,name) VALUES
  ('b1111111-0000-0000-0000-000000000001','11111111-1111-1111-1111-111111111111','München'),
  ('b2222222-0000-0000-0000-000000000002','22222222-2222-2222-2222-222222222222','Rosenheim')
ON CONFLICT (id) DO NOTHING;

INSERT INTO employees (id,company_id,first_name,last_name) VALUES
  ('e1111111-0000-0000-0000-000000000001','11111111-1111-1111-1111-111111111111','Olena','A'),
  ('e2222222-0000-0000-0000-000000000002','22222222-2222-2222-2222-222222222222','Marta','B')
ON CONFLICT (id) DO NOTHING;

INSERT INTO users (id,company_id,role_id,email,status,employee_id)
SELECT 'd1111111-0000-0000-0000-000000000001','11111111-1111-1111-1111-111111111111',r.id,
       'a@test.local','active','e1111111-0000-0000-0000-000000000001'
FROM roles r WHERE r.key='worker' ON CONFLICT (id) DO NOTHING;
INSERT INTO users (id,company_id,role_id,email,status,employee_id)
SELECT 'd2222222-0000-0000-0000-000000000002','22222222-2222-2222-2222-222222222222',r.id,
       'b@test.local','active','e2222222-0000-0000-0000-000000000002'
FROM roles r WHERE r.key='worker' ON CONFLICT (id) DO NOTHING;

INSERT INTO employees (id,company_id,first_name,last_name) VALUES
  ('e2222233-0000-0000-0000-000000000003','22222222-2222-2222-2222-222222222222','Ohne','Konto')
ON CONFLICT (id) DO NOTHING;

INSERT INTO clients (id,company_id,name) VALUES
  ('c1111111-0000-0000-0000-000000000001','11111111-1111-1111-1111-111111111111','Client A'),
  ('c2222222-0000-0000-0000-000000000002','22222222-2222-2222-2222-222222222222','Client B')
ON CONFLICT (id) DO NOTHING;

INSERT INTO objects (id,company_id,client_id,name,norm_minutes,location) VALUES
  ('01111111-0000-0000-0000-000000000001','11111111-1111-1111-1111-111111111111',
   'c1111111-0000-0000-0000-000000000001','Object A',120,
   ST_SetSRID(ST_MakePoint(11.5866,48.1618),4326)::geography),
  ('02222222-0000-0000-0000-000000000002','22222222-2222-2222-2222-222222222222',
   'c2222222-0000-0000-0000-000000000002','Object B',90,
   ST_SetSRID(ST_MakePoint(12.1288,47.8560),4326)::geography)
ON CONFLICT (id) DO NOTHING;

INSERT INTO jobs (id,company_id,object_id,date,start_time,duration_min,service_type) VALUES
  ('11110000-0000-0000-0000-000000000001','11111111-1111-1111-1111-111111111111',
   '01111111-0000-0000-0000-000000000001',CURRENT_DATE,'07:00',120,'Unterhaltsreinigung'),
  ('22220000-0000-0000-0000-000000000002','22222222-2222-2222-2222-222222222222',
   '02222222-0000-0000-0000-000000000002',CURRENT_DATE,'08:00',90,'Unterhaltsreinigung')
ON CONFLICT (id) DO NOTHING;

INSERT INTO materials (id,company_id,name) VALUES
  ('a1111111-0000-0000-0000-000000000001','11111111-1111-1111-1111-111111111111','Universalreiniger'),
  ('a2222222-0000-0000-0000-000000000002','22222222-2222-2222-2222-222222222222','Sanitärreiniger')
ON CONFLICT (id) DO NOTHING;

SELECT tst.is_count('seed: две компании','SELECT count(*) FROM companies',2::bigint);
SELECT tst.is_count('seed: два задания','SELECT count(*) FROM jobs',2::bigint);
